user_input,retrieved_contexts,response,reference,answer_relevancy,faithfulness,context_recall,context_precision
whats a gItLab ally lab?,"['How to be an ally\n\nIt is not required to be an ally to work at GitLab. At GitLab it is required to be inclusive.\n\nBeing an ally goes a step beyond being inclusive to taking action to support marginalized groups. The first step in being an ally is self-educating.\n\nThis ally lab will provide you with some of the tools, resources and learning activities to help you grow as an ally.\n\nSkills and Behaviors of allies', '{{< youtube ""dPywm-j1iic"" >}}\n\nThe Ally Lab Learning Group is an initiative to learn to become or be a better ally within a collaborative group of peers who are seeking the same aim of allyship growth. All team members have the ability to be an ally whether you are a part of an underrepresented group (URG) or not, there are URGs that may not belong to and you have the ability to be an ally to them. There will be regular intakes of team members into groups.\n\nThe next intake: You can sign up here', 'title: ""The Ally Lab"" description: Learn what is an ally, how to be an ally and what it means to be an ally.\n\nWhat is an ally?\n\nA diversity, inclusion and belonging ""ally"" is someone who is willing to take action in support of another person, in order to remove barriers that impede that person from contributing their skills and talents in the workplace or community.\n\nBeing an ally is a verb, this means that you proactively and purposefully take action and is not something forced upon you.\n\nHow to be an ally']","The **GitLab Ally Lab** is an initiative designed to help team members develop into better allies by providing tools, resources, and collaborative learning opportunities. It focuses on fostering inclusive behavior and proactive support for marginalized groups. Key aspects include:  

1. **Purpose**: To equip individuals with the skills and behaviors needed to act as allies, removing barriers that hinder contributions from underrepresented groups in the workplace.  
2. **Structure**: It operates as a **Learning Group** where participants engage in collaborative peer groups aiming to grow in allyship. Regular intakes are available for new members.  
3. **Accessibility**: Open to all team members, regardless of whether they belong to an underrepresented group (URG) or not.  
4. **Focus**: Emphasizes actionable steps (a ""verb"") to support diversity, inclusion, and belonging, rather than passive inclusivity.  

The Ally Lab provides educational materials and activities to cultivate intentional allyship within GitLab's community.","The Ally Lab is a resource that explains what an ally is, how to be an ally, and what it means to be an ally. It emphasizes that being an ally is a verb requiring proactive action to support marginalized groups, while inclusivity is a requirement at GitLab. The lab provides tools, resources, and learning activities to help individuals grow as allies.",0.8835315040560322,1.0,1.0,0.9999999999666667
How to handle interruptions in Zoom meetings as an ally?,"['Example of this could be: You are in a safe space with an underrepresented group acting as an ally and absorbing information. A point comes up that you are passionate about and you talk over someone in the group and take over the conversation. After the meeting someone from the group jumps on a Zoom meeting with you and explains that it felt you took away the viewpoints of a number of people from the URG because you took over the conversation and interrupted an individual. You apologize, take on the', 'Skills and Behaviors of allies\n\nTo be an effective ally it is important to understand some of the skills and behaviors great allies exhibit.\n\nActive listening\n\nNeutral and nonjudgmental.\n\nPatient (periods of silence are not ""filled"")\n\nVerbal and nonverbal feedback to show signs of listening (e.g., smiling, eye contact, leaning in, mirroring)\n\nAsking questions.\n\nReflecting back what is said.\n\nAsking for clarification.\n\nSummarizing.\n\nEmpathy & Emotional Intelligence', 'and think of a way you can practically help. You offer to your colleague that in the next 5 calls they participate in you will be on the call and actively point out misuse of their pronouns to other colleagues to take away some of the emotional burden.']","As an ally, handling interruptions in Zoom meetings requires intentional actions rooted in empathy and active listening. Here’s how to address it:  

1. **Acknowledge and Apologize**: If you interrupt someone, pause, apologize sincerely, and acknowledge the impact of your actions. For example, admit, *""I’m sorry if I interrupted—you’re right, I should have let you finish.""*  

2. **Prioritize Listening**: Practice active listening by giving full attention, using nonverbal cues (eye contact, nodding), and avoiding the urge to dominate the conversation. Allow others to speak without打断 (interrupting) or filling silences with your own input.  

3. **Amplify Marginalized Voices**: If interruptions disproportionately affect underrepresented groups, take steps to ensure their perspectives are centered. For instance, offer to support colleagues by gently correcting pronoun misuse in future calls or advocating for equitable speaking opportunities.  

4. **Reflect and Adjust**: Reflect on patterns of interruption and adjust your behavior. This might involve setting personal boundaries to listen more and speak less, or collaborating with others to create meeting norms that prioritize inclusive communication.  

By combining accountability, empathy, and proactive support, allies can foster safer, more equitable spaces where everyone feels heard.","When interruptions occur in a Zoom meeting, an ally should apologize, take feedback, ask for tips to prevent recurrence, and implement necessary steps. For example, if someone interrupts a conversation, they should acknowledge the feedback received, commit to improvement, and adjust their behavior to ensure inclusive participation.",0.9238151100744045,1.0,0.5,0.9999999999
"What specific allyship initiatives does GitLab implement to foster equitable workplace practices, and how does the Ally Lab Learning Group contribute to these efforts?","['How to be an ally\n\nIt is not required to be an ally to work at GitLab. At GitLab it is required to be inclusive.\n\nBeing an ally goes a step beyond being inclusive to taking action to support marginalized groups. The first step in being an ally is self-educating.\n\nThis ally lab will provide you with some of the tools, resources and learning activities to help you grow as an ally.\n\nSkills and Behaviors of allies', 'Interviewing\n\nCompensation\n\nGuidance & Support\n\nHelping through challenges\n\nListening and empathizing\n\nProviding perspective\n\nMentorship\n\nDifficult Conversations\n\nPerformance conversations\n\nOngoing feedback\n\nGrowth & Career Development\n\nCareer planning\n\nSkill development\n\nMentorship and sponsorship\n\nExamples of Allyship at GitLab\n\nTBC\n\nAlly Lab Learning Group\n\n{{< youtube ""dPywm-j1iic"" >}}', ""Champion Workplace Equality\n\nEffective Listening\n\nHow to engage meaningfully in Allyship\n\nBecoming a true ally\n\nBuilding Trust\n\nWhy trust matters\n\nAlly Learning Activity and Scenarios\n\nGitLab Diversity, Inclusion & Belonging resources\n\nAllies familiarize themselves with GitLab's general DIB content\n\nDiversity, Inclusion & Belonging page\n\nGender and Sexual Orientation Identity Definitions and FAQ\n\nDIB training resources\n\nUnconscious bias\n\nAlly Resources\n\nHere are additional resources on being an ally""]","GitLab implements several allyship initiatives to foster equitable workplace practices, including:  
1. **Ally Lab Learning Group**: A structured program offering tools, resources, and learning activities to develop allyship skills. It includes YouTube-based training (e.g., ""Effective Listening"" and ""How to engage meaningfully in Allyship"") and scenarios to practice allyship behaviors.  
2. **Diversity, Inclusion & Belonging (DIB) Resources**: Access to comprehensive materials, such as identity definitions, unconscious bias training, and guidelines for equitable practices (e.g., compensation, mentorship, and performance conversations).  
3. **Skill Development Initiatives**: Emphasis on behaviors like active listening, empathy, mentorship, and navigating difficult conversations to support marginalized colleagues.  
4. **Career and Growth Support**: Programs focused on career planning, skill development, and sponsorship to ensure equitable opportunities for all employees.  

The **Ally Lab Learning Group** directly contributes by providing actionable frameworks and educational content to cultivate allyship, enabling employees to take concrete steps toward inclusion and address systemic inequities. This aligns with GitLab’s commitment to creating an inclusive culture where marginalized groups feel supported and valued.","GitLab implements allyship initiatives through programs like the Ally Lab Learning Group, which is designed to help team members develop allyship skills collaboratively. This initiative allows participants to engage in asynchronous ally training, attend synchronous meetings to discuss learned concepts, and work within diverse peer groups to cultivate consciousness, courage, and compassion. The Ally Lab Learning Group is open to all team members, regardless of whether they belong to underrepresented groups, and focuses on strategies to address systemic inequities, build trust through empathetic communication, and promote inclusive practices such as equitable recruitment, mentorship, and difficult conversations. Participants are encouraged to take actionable steps to leverage their privilege and support marginalized colleagues while fostering systemic change.",0.8996517646090749,0.84375,0.0,0.0
whats the role of ally learnin activitie and scenarion in comms stratey?,"['Once completed you now have a safe group to discuss allyship with, either to get advice, hold yourself accountable to or run through a situation. Things you can do post the 4 week ALLG:\n\nSchedule a quarterly or bi-yearly call with your group\n\nAsk members of your group for regular coffee chats to discuss the above\n\nReflect regularly on your commitment and values you agreed to and situations where you could have displayed allyship\n\nAlly Training', '{{< youtube ""dPywm-j1iic"" >}}\n\nThe Ally Lab Learning Group is an initiative to learn to become or be a better ally within a collaborative group of peers who are seeking the same aim of allyship growth. All team members have the ability to be an ally whether you are a part of an underrepresented group (URG) or not, there are URGs that may not belong to and you have the ability to be an ally to them. There will be regular intakes of team members into groups.\n\nThe next intake: You can sign up here', 'Skills and Behaviors of allies\n\nTo be an effective ally it is important to understand some of the skills and behaviors great allies exhibit.\n\nActive listening\n\nNeutral and nonjudgmental.\n\nPatient (periods of silence are not ""filled"")\n\nVerbal and nonverbal feedback to show signs of listening (e.g., smiling, eye contact, leaning in, mirroring)\n\nAsking questions.\n\nReflecting back what is said.\n\nAsking for clarification.\n\nSummarizing.\n\nEmpathy & Emotional Intelligence']","Ally learning activities and scenarios play a critical role in shaping communication strategies by fostering inclusive, empathetic, and intentional interactions. Here’s how they contribute:

1. **Skill Development**: Activities like active listening, neutral feedback, and empathy training (as outlined in the context) equip individuals with the tools to communicate effectively across diverse perspectives. These skills are foundational for creating safe, respectful dialogue in teams or communities.

2. **Scenario-Based Learning**: Role-playing or scenario-based exercises allow participants to practice allyship in real-world contexts, preparing them to navigate complex situations (e.g., addressing microaggressions, advocating for underrepresented groups) with confidence and cultural awareness.

3. **Accountability and Reflection**: Regular check-ins, coffee chats, and reflective practices (e.g., quarterly calls) ensure ongoing commitment to allyship, aligning communication strategies with values of equity and inclusion. This builds trust within groups and reinforces accountability.

4. **Structured Collaboration**: Initiatives like the Ally Lab Learning Group create collaborative spaces where peers can share experiences, challenge biases, and co-create solutions. This collective growth strengthens communication strategies by embedding allyship into organizational culture.

5. **Empathy and Emotional Intelligence**: By prioritizing empathy and emotional intelligence, these activities help communicators better understand and address the needs of diverse audiences, reducing misunderstandings and fostering mutual respect.

In essence, ally learning activities and scenarios integrate allyship into communication strategies, ensuring that interactions are not only effective but also equitable, inclusive, and responsive to the needs of all stakeholders.","Ally Learning Activity and Scenarios involve group discussions of scenarios, creating commitment statements, and scheduling regular check-ins to reflect on allyship values. These activities align with structured communication strategies by fostering collaborative initiatives and ensuring alignment with diversity, inclusion, and belonging goals.",0.8740470513028097,0.6153846153846154,1.0,0.99999999995
what is leadership dib council do for equity in workplace?,"['DIB is a core value and is something that is measured by DIB Compentencies in performance reviews, mid reviews and promotions. The DIB team is providing an easily accessible way for team members to display the DIB value by providing on a monthly or quarterly basis depending on level, way you can contribute on a increasing scale of Good, Better & Best. This will enable team members to participate in a ways they are able to at any given time depending on competing priorities.', 'again, but more of an understood aspect of your team environment. You can do this by setting and communicating DIB goals for your team, and sharing how we will measure success (an idea could be sharing DIB survey data with team members).', 'Verbalize the questions\n\nEnsure that everyone, including yourself gets an opportunity to contribute\n\nShare your screen where necessary i.e. privilege for sale task\n\nManager Organized\n\nA manager can request the DIB Team organize a DIB Roundtable for their team. They will help facilitate the roundtable and will organize other activities specific to the needs of the team.\n\nIf you are a manager, request a DIB roundtable by using this issue template.']","The Leadership DIB Council (Diversity, Inclusion, and Belonging) supports equity in the workplace by fostering an inclusive environment where all team members can contribute meaningfully. Their role includes:  
1. **Promoting DIB Values**: Embedding DIB as a core value through performance reviews, goal-setting, and measurable competencies (e.g., ""Good, Better, Best"" contributions).  
2. **Facilitating Equity-Driven Activities**: Organizing DIB Roundtables and tailored activities to address team-specific needs, ensuring diverse perspectives are heard and prioritized.  
3. **Encouraging Participation**: Creating accessible opportunities for all team members to engage, regardless of competing priorities, thereby leveling the playing field for contribution.  
4. **Transparency and Feedback**: Sharing DIB survey data and success metrics to highlight progress and identify areas for improvement, ensuring accountability in equity efforts.  
By structuring these initiatives, the DIB Council helps create a workplace culture where equity is actively practiced and sustained.","leadership dib council communicate monthly via leadership dib council call with dri liam mcnally. this initiative enables team members to participate in diversity inclusion & belonging activities at any capacity, ensuring equitable opportunities to contribute through good better best scales.",,0.6428571428571429,0.5,0.9999999999
How does the ALLG initiative incorporate concepts of allyship and empathy to foster inclusive team dynamics?,"['{{< youtube ""dPywm-j1iic"" >}}\n\nThe Ally Lab Learning Group is an initiative to learn to become or be a better ally within a collaborative group of peers who are seeking the same aim of allyship growth. All team members have the ability to be an ally whether you are a part of an underrepresented group (URG) or not, there are URGs that may not belong to and you have the ability to be an ally to them. There will be regular intakes of team members into groups.\n\nThe next intake: You can sign up here', 'The next intake: You can sign up here\n\nTo sign up: TBC\n\nThe Group:\n\nALLG Facilitator\n\n5-10 team members\n\nDiversity within the group where self-identification is available\n\nWhat you will need:\n\nThe ability to have 1 synchronous 30-45min a week (Timezone convenient location)\n\nA higher intent to become an ally\n\nWhat you will do:\n\nSession 1: Async ally training and courses. Synchronous meeting to discuss what you have learned.\n\nEquality Ally Strategies\n\nCultivate Equality at Work\n\nCommunicating with Empathy', 'Once completed you now have a safe group to discuss allyship with, either to get advice, hold yourself accountable to or run through a situation. Things you can do post the 4 week ALLG:\n\nSchedule a quarterly or bi-yearly call with your group\n\nAsk members of your group for regular coffee chats to discuss the above\n\nReflect regularly on your commitment and values you agreed to and situations where you could have displayed allyship\n\nAlly Training']","The ALLG initiative incorporates concepts of allyship and empathy to foster inclusive team dynamics through several structured approaches:  

1. **Allyship Training**: Participants engage in asynchronous ally training and courses focused on **equality ally strategies**, **cultivating equality at work**, and **communicating with empathy**. These sessions equip team members with actionable skills to recognize and address systemic inequities, promote fairness, and advocate for underrepresented groups.  

2. **Empathy-Centered Communication**: By emphasizing **communicating with empathy**, the program encourages active listening, perspective-taking, and culturally responsive interactions. This helps team members understand diverse experiences and respond to challenges with compassion, reducing misunderstandings and fostering mutual respect.  

3. **Safe Collaborative Spaces**: The initiative creates a **safe group environment** where participants can discuss allyship, seek advice, and hold each other accountable. This openness encourages vulnerability and trust, enabling honest conversations about privilege, bias, and inclusive practices.  

4. **Ongoing Accountability**: Post-program activities, such as quarterly calls, coffee chats, and regular reflection on commitments, sustain allyship growth. These practices ensure continuous learning and adaptation, reinforcing empathy-driven behaviors in real-world team dynamics.  

By blending structured education, empathetic communication, and collaborative accountability, ALLG nurtures a culture where allyship is actively practiced, and inclusivity becomes a shared responsibility.","The ALLG initiative incorporates concepts of allyship and empathy by emphasizing the three C's—Consciousness, Courage, and Compassion—and structuring participants through four sessions that include async ally training, scenario discussions, and creating a commitment statement. It aligns with allyship principles by encouraging self-education, centering impacted experiences, and leveraging power to address systemic inequality, as outlined in the boot and sandal metaphor. The program also promotes empathy through active listening, gratitude, and support, ensuring team members understand privilege and oppression while fostering open communication.",0.9028107417820105,0.5454545454545454,0.0,0.0
How does the PBP activitie faciliate discussons on privilige and belongin during the DIB Roundtable?,"['title: ""Roundtables"" description: On this page you will be provided an overview of our Diversity, Inclusion and Belonging Roundtables.\n\nA DIB roundtable is a great way to build deeper connections with team members and develop safe spaces to discuss DIB related issues. The DIB roundtable will ask team members to share stories and anecdotes as well as challenge team members to think about how they personally and collectively can positively impact DIB.\n\nWe have two avenues for DIB Roundtables:', 'A DIB Team Member will set up a time to discuss with the manager the function of the DIB Roundtable and suggest activities and exercises to achieve the aim of the Roundtable.\n\nThe Roundtable\n\nSet the ground rules\n\nThis is a closed session and a safe space. However if something arises as part of the conversation that needs investigation, the roundtable facilitator will reach out to their PBP to discuss.\n\nAssume positive intent, share and express with a higher intent', 'Verbalize the questions\n\nEnsure that everyone, including yourself gets an opportunity to contribute\n\nShare your screen where necessary i.e. privilege for sale task\n\nManager Organized\n\nA manager can request the DIB Team organize a DIB Roundtable for their team. They will help facilitate the roundtable and will organize other activities specific to the needs of the team.\n\nIf you are a manager, request a DIB roundtable by using this issue template.']","The PBP (likely ""Privilege and Belonging Partner"") facilitates discussions on privilege and belonging during the DIB Roundtable by addressing issues that arise during the session. If sensitive topics or challenges related to privilege and belonging emerge, the roundtable facilitator consults their PBP to investigate and resolve these matters. This ensures that discussions remain constructive and aligned with the goals of fostering inclusion. The PBP's involvement helps deepen conversations by providing expertise, guiding actionable steps, and maintaining accountability in addressing systemic or individual barriers to belonging.","The PBP (Privilege, Belonging, and Participation) activity facilitates discussions on privilege and belonging during the DIB Roundtable by using interactive exercises like 'Privilege for Sale' to help team members acknowledge and investigate privilege. This activity encourages reflection on social, financial, and legal privileges, explores how limited access to these privileges affects individuals, and promotes understanding that no single privilege is more important than another. The roundtable also includes structured questions to connect personal experiences with broader concepts of diversity, inclusion, and belonging.",0.8546289478315093,0.2727272727272727,0.3333333333333333,0.0
"How do Team Member Resource Groups (TMRGs) and DIB initiatives contribute to fostering diversity, inclusion, and belonging within a remote workplace?","['In general, TMRGs are an excellent support system and key to providing awareness, respect, and building diversity, inclusion & belonging within the workplace. These groups are a proven way to increase cultural competency, retention of team members, provide marketplace insights to the business, attract diverse talent, and more. The endorsement of TMRGs allows team members to identify common interests and decide how they can be shared with others. When creating TMRGs there are a few initial steps to', ""GitLab has a DIB Program which includes Team Member Resource Groups (TMRGs), which are voluntary team member-led groups, focused on fostering DIB within GitLab. I'm proud of team member driven initiatives such as mentoring for an advanced software engineering course at Morehouse College, a historically Black liberal arts school. We also do Reverse Ask Me Anything meetings in which I ask questions of TMRGs and get to learn from their experiences."", 'DIB Events\n\nDIB Advisory Group\n\nDiversity, Inclusion & Belonging TMRGs - Team Member Resource Groups\n\nOur Values\n\nFamily and Friends first, Work second\n\nInclusive language and pronouns\n\nParental leave\n\nAsynchronous communication and workflows\n\nTips for Companies\n\nDefining Diversity, Inclusion & Belonging']","Team Member Resource Groups (TMRGs) and DIB (Diversity, Inclusion & Belonging) initiatives contribute to fostering diversity, inclusion, and belonging in a remote workplace by:  
1. **Creating Connection and Community**: TMRGs provide voluntary, team-member-led spaces for individuals to identify shared interests, build relationships, and foster a sense of belonging, which is critical in remote settings where isolation can occur.  
2. **Enhancing Cultural Competency**: These groups increase awareness and respect for diverse perspectives, helping teams navigate cultural differences and improve collaboration across geographies.  
3. **Supporting Retention and Talent Attraction**: By addressing workplace inclusivity, TMRGs help retain diverse talent and attract underrepresented groups, ensuring a broader range of ideas and experiences.  
4. **Driving Marketplace Insights**: TMRGs offer valuable insights into diverse markets, enabling businesses to better understand and serve their audiences.  
5. **Promoting Inclusive Practices**: Initiatives like Reverse Ask Me Anything (AMA) meetings and partnerships (e.g., mentoring at Morehouse College) demonstrate commitment to learning from diverse voices, reinforcing inclusive language, parental leave policies, and asynchronous workflows that support all team members.  

Together, TMRGs and DIB initiatives create an environment where remote employees feel valued, heard, and empowered to contribute, ultimately strengthening organizational culture and performance.","Team Member Resource Groups (TMRGs) contribute to fostering diversity, inclusion, and belonging by providing structured frameworks for team members to identify common interests, align with company strategy, and track engagement through tools like Google groups and membership metrics. Additionally, DIB initiatives such as surveys, awards for recognition, and inclusive benefits programs further reinforce these values by uncovering unconscious bias, celebrating diverse contributions, and ensuring equitable opportunities across the organization.",0.9996543140027085,0.92,0.0,0.0
"What is the structure and purpose of the DIB Roundtable, including the key activities, learning objectives, and follow-up actions that align with the goals of promoting Diversity, Inclusion, and Belonging within the organization?","['title: ""Roundtables"" description: On this page you will be provided an overview of our Diversity, Inclusion and Belonging Roundtables.\n\nA DIB roundtable is a great way to build deeper connections with team members and develop safe spaces to discuss DIB related issues. The DIB roundtable will ask team members to share stories and anecdotes as well as challenge team members to think about how they personally and collectively can positively impact DIB.\n\nWe have two avenues for DIB Roundtables:', 'We have two avenues for DIB Roundtables:\n\nDIB Programmed Roundtables - The DIB Team creates a programmed roundtable(s) on a quarterly basis to discuss a pre-defined topic.\n\nSelf-Organized - A TMRG, Team Members, Managers can organized a roundtable to discuss DIB related issues.\n\nStarting a roundtable\n\nDiversity, Inclusion & Belonging Team Programmed\n\nThe DIB Team will organize DIB Roundtables on a quarterly basis with a maximum of two roundtables in a quarter.', 'A DIB Team Member will set up a time to discuss with the manager the function of the DIB Roundtable and suggest activities and exercises to achieve the aim of the Roundtable.\n\nThe Roundtable\n\nSet the ground rules\n\nThis is a closed session and a safe space. However if something arises as part of the conversation that needs investigation, the roundtable facilitator will reach out to their PBP to discuss.\n\nAssume positive intent, share and express with a higher intent']","The **DIB Roundtable** is structured as a collaborative initiative aimed at fostering **diversity, inclusion, and belonging (DIB)** within the organization. Its purpose is to create safe spaces for dialogue, encourage reflection, and drive actionable steps to enhance DIB. Below is an overview of its structure, purpose, key activities, learning objectives, and follow-up actions:

---

### **Structure**  
1. **Types of Roundtables**:  
   - **Programmed Roundtables**: Organized quarterly by the DIB Team, focusing on pre-defined topics. Up to two roundtables may occur per quarter.  
   - **Self-Organized Roundtables**: Initiated by teams, managers, or TMRGs (Team Member Resource Groups) to address specific DIB-related issues.  

2. **Organization Process**:  
   - For **programmed roundtables**, the DIB Team collaborates with managers to define goals, suggest activities, and schedule sessions.  
   - For **self-organized roundtables**, organizers (e.g., managers or TMRGs) take the lead in planning and facilitating.  

---

### **Purpose**  
- **Build Connections**: Strengthen relationships among team members.  
- **Safe Spaces**: Encourage open, honest dialogue about DIB challenges and opportunities.  
- **Reflection and Action**: Challenge participants to think critically about their individual and collective roles in advancing DIB.  
- **Story Sharing**: Promote empathy and understanding through personal narratives.  

---

### **Key Activities**  
- **Storytelling and Anecdotes**: Participants share experiences related to diversity, inclusion, or belonging.  
- **Interactive Discussions**: Explore topics like bias, equity, or cultural awareness.  
- **Challenging Perspectives**: Encourage critical thinking about systemic barriers and solutions.  
- **Ground Rules**: Establish a closed, respectful environment (e.g., ""assume positive intent,"" ""share with higher intent"").  

---

### **Learning Objectives**  
- **Enhance Awareness**: Deepen understanding of DIB concepts and their relevance to organizational goals.  
- **Foster Empathy**: Develop empathy through shared stories and diverse perspectives.  
- **Drive Accountability**: Empower individuals to take responsibility for inclusive behaviors.  
- **Generate Solutions**: Co-create actionable strategies to address DIB challenges.  

---

### **Follow-Up Actions**  
- **Address Emerging Issues**: If discussions reveal concerns requiring investigation, the facilitator consults with their PBP (People Business Partner) for guidance.  
- **Implement Changes**: Translate insights into concrete actions (e.g., policy updates, training programs, or resource allocation).  
- **Sustain Momentum**: Maintain accountability through ongoing dialogue and progress tracking.  

By combining structured facilitation, inclusive dialogue, and actionable outcomes, DIB Roundtables aim to embed diversity, inclusion, and belonging into the organizational culture.","The DIB Roundtable is structured as a closed, safe-space session facilitated by a DIB Team Member, organized upon request by a manager. It begins with establishing ground rules emphasizing positive intent, active listening, and avoiding multitasking. The session incorporates interactive activities like 'Privilege for Sale,' where participants reflect on their privileges and consider the experiences of underrepresented groups. Learning objectives include acknowledging privilege, discussing its varied forms (social, financial, legal), and exploring how limited access to privileges impacts individuals. Participants engage with reflective questions about values, belonging, and empowerment, culminating in a group discussion on actionable steps to advance Diversity, Inclusion, and Belonging. Following the roundtable, team members document their experiences and insights on the DIB Roundtable Sharing Page, and the DIB Team plans subsequent sessions focused on building deeper trust and empathy.",0.839444700213402,0.9166666666666666,0.0,0.0
"How does the DIB Monthly Initiatives Call and quarterly collaboration with the People Business Partner team integrate allyship training concepts like privilege, oppression, and performative allyship to foster systemic change in workplace equity practices?","['Once completed you now have a safe group to discuss allyship with, either to get advice, hold yourself accountable to or run through a situation. Things you can do post the 4 week ALLG:\n\nSchedule a quarterly or bi-yearly call with your group\n\nAsk members of your group for regular coffee chats to discuss the above\n\nReflect regularly on your commitment and values you agreed to and situations where you could have displayed allyship\n\nAlly Training', ""Stop the instance: move your foot\n\nStop the pattern: be careful where you step in the future. When it comes to oppression, we want to actually change the “footwear” to get rid of privilege and oppression (sneakers for all!), but metaphors can only stretch so far!\n\nImprove allyship skills by following the three C's\n\nConsciousness\n\nCourage\n\nCompassion\n\nHow diversity shows up on teams\n\nImage\n\nAreas you can show allyship\n\nRecruiting & Hiring\n\nSourcing\n\nInterviewing\n\nCompensation\n\nGuidance & Support"", ""Champion Workplace Equality\n\nEffective Listening\n\nHow to engage meaningfully in Allyship\n\nBecoming a true ally\n\nBuilding Trust\n\nWhy trust matters\n\nAlly Learning Activity and Scenarios\n\nGitLab Diversity, Inclusion & Belonging resources\n\nAllies familiarize themselves with GitLab's general DIB content\n\nDiversity, Inclusion & Belonging page\n\nGender and Sexual Orientation Identity Definitions and FAQ\n\nDIB training resources\n\nUnconscious bias\n\nAlly Resources\n\nHere are additional resources on being an ally""]","The DIB Monthly Initiatives Call and quarterly collaboration with the People Business Partner team integrate allyship training concepts like privilege, oppression, and performative allyship by creating structured opportunities to address systemic inequities through intentional, sustained action. Here’s how:

1. **Addressing Privilege and Oppression**:  
   - The ""Stop the instance"" and ""Stop the pattern"" metaphors from allyship training are operationalized through monthly calls and collaborative workshops. For example, discussions during these sessions might focus on identifying microaggressions (stopping instances) and addressing root causes of systemic inequity (stopping patterns), such as biased hiring practices or unequal compensation. This aligns with the ""sneakers for all"" metaphor, emphasizing dismantling structural barriers to privilege.

2. **Preventing Performative Allyship**:  
   - Regular quarterly collaboration with the People Business Partner team ensures accountability beyond superficial gestures. By embedding allyship into recurring processes (e.g., reviewing recruitment strategies, compensation frameworks, or guidance for underrepresented groups), teams move beyond performative actions to sustained, institutional change. This mirrors the ""three C's"" (Consciousness, Courage, Compassion) by fostering ongoing reflection and collective responsibility.

3. **Systemic Change Through Structured Engagement**:  
   - Monthly calls and bi-yearly check-ins allow teams to apply allyship principles to specific areas like sourcing diverse candidates, equitable compensation, and inclusive workplace policies. These interactions integrate concepts like unconscious bias training and advocacy for marginalized voices, ensuring allyship is not isolated but woven into organizational practices. Collaborating with the People Business Partner team further aligns these efforts with broader DIB goals, such as revising policies to reduce systemic inequities.

By combining regular dialogue, accountability mechanisms, and alignment with organizational DIB frameworks, these initiatives transform allyship from individual actions to systemic change, addressing both immediate instances of harm and long-term structural inequities.","The DIB Monthly Initiatives Call and quarterly collaboration with the People Business Partner team integrate allyship training concepts by using structured processes that align with DIB principles. The monthly calls provide a platform for discussing DIB initiatives and programming, while the quarterly collaboration with PBP teams ensures strategic alignment with organizational goals. These processes are supported by allyship training resources that define key terms such as privilege, oppression, and performative allyship, which are critical for understanding systemic inequities. For example, the training emphasizes the importance of committed allyship, distinguishing it from performative actions, and encourages participants to adopt values that promote equity. Additionally, the DIB initiatives include activities like group discussions, commitment statements, and ongoing reflection sessions to reinforce systemic change, ensuring that allyship is not just a one-time effort but a continuous practice embedded in workplace culture.",0.8228797953103915,0.8,0.6,0.3333333333
